LOC,DAY,IS_OPEN,MSG,ENTREES,BEAR FIT,GRILLED,PIZZAS,PASTAS,DESSERTS,SOUPS,DELI AND SALAD BAR,HOT GRAINS,BREAKFAST,MUFFIN,FUSION,CENTER OF THE PLATE,SPECIALTY SALADS,KOSHER DELI,DANISH
Crossroad,0,True,Cal Dining is adjusting our service as a precaution against the spread of COVID-19. Menus are subject to change and all meals are currently to-go only. Thank you!,"{""Street Tacos"": [""Shellfish""], ""Vegan Taquitos"": [""Soybeans"", ""Vegan Option""]}","{""Spring Mix"": [""Vegan Option""], ""Red Rice"": [""Vegan Option""], ""Yukon Potatoes"": [""Vegan Option""], ""Black Beans"": [""Vegan Option""], ""Romano Beans"": [""Vegan Option""], ""Cabbage Stir Fry"": [""Vegan Option""], ""Roasted Kohlrabi Medley"": [""Vegan Option""], ""Halal Chicken"": [""Halal""], ""Halal Beef"": [""Halal""], ""Bear Fit Toppings"": [""Vegan Option""], ""Bear Fit Sauces"": [""Vegan Option""], ""White Rice"": [""Vegan Option""], ""Brown Rice"": [""Vegan Option""]}","{""Hamburger"": [""Wheat"", ""Soybeans""]}","{""Cheese Pizza"": [""Milk"", ""Egg"", ""Wheat"", ""Vegetarian Option"", ""Contains Gluten""], ""Meat Lovers Pizza"": [""Milk"", ""Egg"", ""Wheat"", ""Soybeans"", ""Contains Gluten"", ""Contains Pork""]}","{""Peas and Pesto Pasta"": [""Milk"", ""Wheat"", ""Vegetarian Option"", ""Contains Gluten""]}","{""Raspberry Sammie"": [""Milk"", ""Wheat"", ""Vegetarian Option"", ""Contains Gluten""], ""Peach Pie"": [""Wheat"", ""Soybeans"", ""Vegan Option"", ""Contains Gluten""], ""German Chocolate Cake"": [""Milk"", ""Egg"", ""Tree Nuts"", ""Wheat"", ""Soybeans"", ""Vegetarian Option"", ""Contains Gluten""], ""Red Velvet Cupcakes"": [""Milk"", ""Egg"", ""Tree Nuts"", ""Wheat"", ""Soybeans"", ""Vegetarian Option"", ""Contains Gluten""]}",,,,,,,,,,
Crossroad,1,True,Cal Dining is adjusting our service as a precaution against the spread of COVID-19. Menus are subject to change and all meals are currently to-go only. Thank you!,"{""Chicken Tinga"": [], ""Vegetable Tinga"": [""Wheat"", ""Soybeans"", ""Vegan Option"", ""Contains Gluten""], ""Cilantro Lime Rice"": [""Vegan Option""], ""Black Beans"": [""Vegan Option""]}","{""Baby Spinach"": [""Vegan Option""], ""Hominy"": [""Vegan Option""], ""Millet"": [""Vegan Option""], ""Kidney Beans"": [""Vegan Option""], ""Pinto Beans"": [""Vegan Option""], ""Squash Medley"": [""Vegan Option""], ""Roasted Tomatoes"": [""Vegan Option""], ""Halal Chicken"": [""Halal""], ""Halal Beef"": [""Halal""], ""Bear Fit Toppings"": [""Vegan Option""], ""Bear Fit Sauces"": [""Vegan Option""], ""White Rice"": [""Vegan Option""], ""Brown Rice"": [""Vegan Option""]}","{""Kielbasa Sausage Sandwich"": [""Wheat"", ""Sesame"", ""Contains Gluten"", ""Contains Pork""], ""Vegan Sausage Sandwich"": [""Wheat"", ""Sesame"", ""Vegan Option"", ""Contains Gluten""], ""Shoestring Fries"": [""Vegan Option""]}","{""Chicken Pesto and Roma Tomato Pizza"": [""Milk"", ""Wheat"", ""Contains Gluten""], ""Roma Tomato and Pesto Pizza"": [""Milk"", ""Wheat"", ""Vegetarian Option"", ""Contains Gluten""]}","{""Pasta Puttanesca"": [""Milk"", ""Wheat"", ""Vegetarian Option"", ""Contains Gluten""], ""Garlic Bread"": [""Milk"", ""Wheat"", ""Vegetarian Option"", ""Contains Gluten""]}","{""Heath Toffee Crunch Blondie"": [""Milk"", ""Egg"", ""Tree Nuts"", ""Wheat"", ""Soybeans"", ""Vegetarian Option"", ""Contains Gluten""], ""Vegan Chocolate Chip Cookies"": [""Wheat"", ""Soybeans"", ""Vegan Option"", ""Contains Gluten"", ""Contains Alcohol""], ""Cherry Pie"": [""Wheat"", ""Soybeans"", ""Vegan Option"", ""Contains Gluten""], ""Mini Salted Truffle Cheesecake"": [""Milk"", ""Egg"", ""Wheat"", ""Soybeans"", ""Vegetarian Option"", ""Contains Gluten""]}","{""Italian Wedding Soup"": [""Milk"", ""Wheat"", ""Soybeans"", ""Contains Gluten""], ""Tomato Garden Soup"": [""Vegan Option""]}","{""Beet and Goat Cheese Salad"": [""Milk"", ""Vegetarian Option""], ""Salad Bar"": [""Milk"", ""Egg"", ""Fish"", ""Shellfish"", ""Wheat"", ""Soybeans"", ""Sesame""], ""Deli Bar"": []}",,,,,,,,
Crossroad,2,True,Cal Dining is adjusting our service as a precaution against the spread of COVID-19. Menus are subject to change and all meals are currently to-go only. Thank you!,"{""Char Sui Pork"": [""Wheat"", ""Soybeans"", ""Sesame"", ""Contains Gluten"", ""Contains Pork""], ""Vegan Char Siu"": [""Wheat"", ""Soybeans"", ""Sesame"", ""Contains Gluten""], ""Vegetarian Fried Rice"": [""Egg"", ""Soybeans"", ""Sesame"", ""Vegetarian Option"", ""Contains Alcohol""], ""Fermented Black Bean Cabbage"": [""Vegan Option""]}","{""Arugula"": [""Vegan Option""], ""."": [], ""Butternut Squash"": [""Vegan Option""], ""Garbanzo Beans"": [""Vegan Option""], ""Navy Beans"": [""Vegan Option""], ""Haricot Vert"": [""Vegan Option""], ""Cabbage Stir Fry"": [""Vegan Option""], ""Halal Chicken"": [""Halal""], ""Halal Beef"": [""Halal""], ""Bear Fit Toppings"": [""Vegan Option""], ""Bear Fit Sauces"": [""Vegan Option""], ""White Rice"": [""Vegan Option""], ""Brown Rice"": [""Vegan Option""]}","{""Crispy Chicken Tenders"": [""Wheat"", ""Soybeans"", ""Contains Gluten""], ""Chickenless Tenders"": [""Wheat"", ""Soybeans"", ""Vegan Option"", ""Contains Gluten""], ""Garlic Fries"": [""Vegan Option""]}","{""Artichoke Ham Pizza"": [""Milk"", ""Egg"", ""Wheat"", ""Contains Gluten"", ""Contains Pork""], ""Artichoke and Spinach Pizza"": [""Milk"", ""Egg"", ""Wheat"", ""Vegetarian Option"", ""Contains Gluten""]}","{""Asparagus and Lemon Cream Pasta"": [""Milk"", ""Wheat"", ""Vegan Option"", ""Contains Gluten""], ""Garlic Bread"": [""Milk"", ""Wheat"", ""Vegetarian Option"", ""Contains Gluten""]}","{""Raspberry Sammie"": [""Milk"", ""Wheat"", ""Vegetarian Option"", ""Contains Gluten""], ""Vegan Chocolate Chip Cookies"": [""Wheat"", ""Soybeans"", ""Vegan Option"", ""Contains Gluten"", ""Contains Alcohol""], ""Chocolate Cake"": [""Milk"", ""Egg"", ""Wheat"", ""Soybeans"", ""Vegetarian Option"", ""Contains Gluten""], ""Chocolate Brownie Bites"": [""Milk"", ""Egg"", ""Tree Nuts"", ""Wheat"", ""Soybeans"", ""Vegetarian Option"", ""Contains Gluten""]}","{""Chicken Noodle Soup"": [""Egg"", ""Wheat"", ""Contains Gluten""], ""Carrot Ginger Soup"": [""Soybeans"", ""Sesame"", ""Vegan Option""]}","{""Potato Salad"": [""Egg"", ""Vegetarian Option"", ""Contains Alcohol""], ""Salad Bar"": [""Milk"", ""Egg"", ""Fish"", ""Shellfish"", ""Wheat"", ""Soybeans"", ""Sesame""], ""Deli Bar"": []}",,,,,,,,
Crossroad,3,True,Cal Dining is adjusting our service as a precaution against the spread of COVID-19. Menus are subject to change and all meals are currently to-go only. Thank you!,"{""Seafood Etoufee"": [""Milk"", ""Shellfish"", ""Wheat"", ""Contains Gluten""], ""Cajun Tofu"": [""Soybeans"", ""Vegan Option""], ""Converted Rice"": [""Vegan Option""], ""Collard Greens"": [""Vegan Option""], ""Cornbread"": [""Egg"", ""Wheat"", ""Soybeans"", ""Vegetarian Option"", ""Contains Gluten""]}","{""Spring Mix"": [""Vegan Option""], ""Wild Rice"": [""Vegan Option""], ""Amaranth"": [""Vegan Option""], ""Romano Beans"": [""Vegan Option""], ""Cranberry Beans"": [""Vegan Option""], ""Stir Fry Eggplant"": [""Vegan Option""], ""Brussles Sprouts Medley"": [""Vegan Option""], ""Halal Chicken"": [""Halal""], ""Halal Beef"": [""Halal""], ""Bear Fit Toppings"": [""Vegan Option""], ""Bear Fit Sauces"": [""Vegan Option""], ""White Rice"": [""Vegan Option""], ""Brown Rice"": [""Vegan Option""]}","{""Beef Sliders"": [""Wheat"", ""Soybeans"", ""Contains Gluten""], ""Lentil Pesto and Vegetable Wrap"": [""Milk"", ""Egg"", ""Wheat"", ""Vegetarian Option"", ""Contains Gluten""], ""French Fries"": [""Vegan Option""]}","{""Chorizo Tomato Corn and Pasilla Pizza"": [""Milk"", ""Egg"", ""Wheat"", ""Contains Gluten"", ""Contains Pork""], ""Tomato Corn and Pasilla Pizza"": [""Milk"", ""Egg"", ""Wheat"", ""Vegetarian Option"", ""Contains Gluten""]}","{""Baked Penne"": [""Milk"", ""Wheat"", ""Vegetarian Option"", ""Contains Gluten""], ""Baguette"": [""Wheat"", ""Vegan Option"", ""Contains Gluten""]}","{""Chocolate Chunk Brownie"": [""Milk"", ""Egg"", ""Wheat"", ""Soybeans"", ""Vegetarian Option"", ""Contains Gluten""], ""Luscious Lemon Bar"": [""Milk"", ""Egg"", ""Wheat"", ""Soybeans"", ""Vegetarian Option"", ""Contains Gluten""], ""Vegan Lemon Sugar Cookie"": [""Wheat"", ""Soybeans"", ""Vegan Option"", ""Contains Gluten"", ""Contains Alcohol""], ""Vanilla and Chocolate Cupcakes"": [""Milk"", ""Egg"", ""Tree Nuts"", ""Wheat"", ""Soybeans"", ""Vegetarian Option"", ""Contains Gluten""]}","{""New England Clam Chowder"": [""Milk"", ""Fish"", ""Shellfish"", ""Wheat"", ""Contains Gluten""], ""Three Bean Chili"": [""Vegan Option""]}","{""Edamame & Corn Salad"": [""Soybeans"", ""Vegan Option""], ""Salad Bar"": [""Milk"", ""Egg"", ""Fish"", ""Shellfish"", ""Wheat"", ""Soybeans"", ""Sesame""], ""Deli Bar"": []}",,,,,,,,
Crossroad,4,True,Cal Dining is adjusting our service as a precaution against the spread of COVID-19. Menus are subject to change and all meals are currently to-go only. Thank you!,"{""Honey Mustard Roasted Chicken"": [""Soybeans""], ""Miso Glazed Tilapia"": [""Fish"", ""Soybeans"", ""Sesame""], ""Vegan Sausage"": [""Wheat"", ""Vegan Option"", ""Contains Gluten""], ""Quinoa Risotto"": [""Soybeans"", ""Vegan Option""], ""Vegetable Medley"": [""Vegan Option""]}",,,"{""Meatball Parmesan Pizza"": [""Milk"", ""Egg"", ""Wheat"", ""Soybeans"", ""Contains Gluten""], ""Analogue Meatball Parmesan Pizza"": [""Milk"", ""Wheat"", ""Soybeans"", ""Vegetarian Option"", ""Contains Gluten"", ""Contains Alcohol""]}","{""Artichoke Kalamata and Lemon Pasta"": [""Milk"", ""Wheat"", ""Vegetarian Option"", ""Contains Gluten""], ""Garlic Bread"": [""Milk"", ""Wheat"", ""Vegetarian Option"", ""Contains Gluten""]}",,"{""Hungarian Mushroom Soup"": [""Milk"", ""Contains Alcohol""], ""Chipotle Sweet Potato Soup"": [""Sesame"", ""Vegan Option""]}","{""Cucumber Tomato & Corn Salad"": [""Vegan Option""], ""Salad Bar"": [""Milk"", ""Egg"", ""Fish"", ""Shellfish"", ""Wheat"", ""Soybeans"", ""Sesame""], ""Deli Bar"": []}","{""Rolled Oatmeal"": [""Vegan Option""], ""Malt o Meal"": [""Vegan Option"", ""Contains Gluten""], ""White Rice"": [""Vegan Option""], ""Brown Rice"": [""Vegan Option""]}","{""Scrambled Eggs"": [""Egg"", ""Vegetarian Option""], ""Potato Wedges"": [""Wheat"", ""Vegan Option"", ""Contains Gluten""], ""Turkey Links"": [], ""Egg Whites"": [""Egg"", ""Vegetarian Option""], ""Waffles"": [""Milk"", ""Egg"", ""Wheat"", ""Soybeans"", ""Vegetarian Option"", ""Contains Gluten""], ""Savory Tofu, Spinach, Tomato Scramble"": [""Soybeans"", ""Vegan Option""]}","{""Banana Muffin"": [""Milk"", ""Egg"", ""Wheat"", ""Soybeans"", ""Vegetarian Option"", ""Contains Gluten""], ""Toffee Caramel Scone"": [""Milk"", ""Egg"", ""Tree Nuts"", ""Wheat"", ""Soybeans"", ""Vegetarian Option"", ""Contains Gluten""], ""Assorted Danish"": [""Milk"", ""Egg"", ""Tree Nuts"", ""Wheat"", ""Vegetarian Option"", ""Contains Gluten""]}",,,,,
Crossroad,5,True,Cal Dining is adjusting our service as a precaution against the spread of COVID-19. Menus are subject to change and all meals are currently to-go only. Thank you!,"{""Thyme & Rosemary Roasted Tri Tip"": [], ""Pineapple Glazed Ham"": [""Contains Pork""], ""Vegan Celebration Roast"": [""Wheat"", ""Soybeans"", ""Vegan Option"", ""Contains Gluten"", ""Contains Alcohol""], ""Buttery Mashed Potatoes"": [""Milk"", ""Soybeans"", ""Vegetarian Option""], ""Sauteed Green Beans"": [""Vegan Option""]}",,,"{""Meat Lovers Pizza"": [""Milk"", ""Egg"", ""Wheat"", ""Soybeans"", ""Contains Gluten"", ""Contains Pork""], ""Roasted Pepper Deluxe Pizza"": [""Milk"", ""Egg"", ""Wheat"", ""Soybeans"", ""Vegetarian Option"", ""Contains Gluten""]}","{""Vegetable Lasagna"": [""Milk"", ""Egg"", ""Wheat"", ""Vegetarian Option"", ""Contains Gluten""], ""Baguette"": [""Wheat"", ""Vegan Option"", ""Contains Gluten""]}",,"{""Lobster Bisque"": [""Milk"", ""Fish"", ""Shellfish"", ""Wheat"", ""Contains Gluten"", ""Contains Alcohol""], ""Lentil Soup"": [""Vegan Option""]}","{""Herbed Pasta Salad"": [""Milk"", ""Wheat"", ""Vegetarian Option"", ""Contains Gluten""], ""Salad Bar"": [""Milk"", ""Egg"", ""Fish"", ""Shellfish"", ""Wheat"", ""Soybeans"", ""Sesame""], ""Deli Bar"": []}","{""Rolled Oatmeal"": [""Vegan Option""], ""Grits"": [""Vegan Option""], ""White Rice"": [""Vegan Option""], ""Brown Rice"": [""Vegan Option""]}","{""Scrambled Eggs"": [""Egg"", ""Vegetarian Option""], ""Hashbrown Patty"": [""Vegan Option""], ""Bacon"": [""Contains Pork""], ""Egg Whites"": [""Egg"", ""Vegetarian Option""], ""Waffles"": [""Milk"", ""Egg"", ""Wheat"", ""Soybeans"", ""Vegetarian Option"", ""Contains Gluten""], ""Just Egg Patty"": [""Vegan Option""]}","{""Blueberry Muffin"": [""Milk"", ""Egg"", ""Wheat"", ""Soybeans"", ""Vegetarian Option"", ""Contains Gluten""], ""Cranberry Orange Scone"": [""Milk"", ""Egg"", ""Tree Nuts"", ""Wheat"", ""Soybeans"", ""Vegetarian Option"", ""Contains Gluten""], ""Assorted Danish"": [""Milk"", ""Egg"", ""Tree Nuts"", ""Wheat"", ""Vegetarian Option"", ""Contains Gluten""]}",,,,,
Crossroad,6,True,Cal Dining is adjusting our service as a precaution against the spread of COVID-19. Menus are subject to change and all meals are currently to-go only. Thank you!,"{""Mac and Cheese Bar"": [""Milk"", ""Wheat"", ""Vegetarian Option"", ""Contains Gluten""]}","{""Spring Mix"": [""Vegan Option""], ""Millet"": [""Vegan Option""], ""Acorn Squash"": [""Vegan Option""], ""Garbanzo Beans"": [""Vegan Option""], ""Black Beans"": [""Vegan Option""], ""Haricot Vert"": [""Vegan Option""], ""Roasted Peppers"": [""Vegan Option""], ""Halal Chicken"": [""Halal""], ""Halal Beef"": [""Halal""], ""Bear Fit Toppings"": [""Vegan Option""], ""Bear Fit Sauces"": [""Vegan Option""], ""White Rice"": [""Vegan Option""], ""Brown Rice"": [""Vegan Option""]}","{""Tex Mex Beef Sliders"": [""Milk"", ""Wheat"", ""Soybeans"", ""Contains Gluten""], ""Black Bean Tex Mex Sliders"": [""Wheat"", ""Soybeans"", ""Vegan Option"", ""Contains Gluten""], ""Shoestring Fries"": [""Vegan Option""]}","{""Ham Peas Basil and Fontina Pizza"": [""Milk"", ""Egg"", ""Wheat"", ""Contains Gluten"", ""Contains Pork""], ""Peas Basil and Fontina Pizza"": [""Milk"", ""Egg"", ""Wheat"", ""Vegetarian Option"", ""Contains Gluten""]}","{""Spinach and Cream Pasta"": [""Milk"", ""Wheat"", ""Vegetarian Option"", ""Contains Gluten""], ""Dinner Roll"": [""Wheat"", ""Soybeans"", ""Vegan Option"", ""Contains Gluten""]}","{""Flourless Chocolate Torte"": [""Milk"", ""Egg"", ""Soybeans"", ""Vegetarian Option""], ""Carrot Cake"": [""Milk"", ""Egg"", ""Tree Nuts"", ""Wheat"", ""Soybeans"", ""Vegetarian Option"", ""Contains Gluten""], ""Vegan Lemon Sugar Cookie"": [""Wheat"", ""Soybeans"", ""Vegan Option"", ""Contains Gluten"", ""Contains Alcohol""], ""Mini Vanilla Cheesecake"": [""Milk"", ""Egg"", ""Wheat"", ""Soybeans"", ""Vegetarian Option"", ""Contains Gluten""]}","{""Italian Wedding Soup"": [""Milk"", ""Wheat"", ""Soybeans"", ""Contains Gluten""], ""Carrot Ginger Soup"": [""Soybeans"", ""Sesame"", ""Vegan Option""]}","{""Tomato Couscous Salad"": [""Wheat"", ""Vegan Option"", ""Contains Gluten""], ""Salad Bar"": [""Milk"", ""Egg"", ""Fish"", ""Shellfish"", ""Wheat"", ""Soybeans"", ""Sesame""], ""Deli Bar"": []}",,,,,,,,
Foothill,0,True,Cal Dining is adjusting our service as a precaution against the spread of COVID-19. Menus are subject to change and all meals are currently to-go only. Thank you!,"{""Street Tacos"": [""Shellfish""]}",,"{""Philly Cheesesteak Sandwich"": [""Milk"", ""Wheat"", ""Sesame"", ""Contains Gluten""], ""Vegan Philly Cheesesteak"": [""Wheat"", ""Soybeans"", ""Sesame"", ""Vegan Option"", ""Contains Gluten""], ""Garlic Fries"": [""Vegan Option""]}","{""Sausage Onion and Bell Pepper Pizza"": [""Milk"", ""Egg"", ""Wheat"", ""Soybeans"", ""Contains Gluten"", ""Contains Pork""], ""Mushroom Onion and Bell Pepper Pizza"": [""Milk"", ""Egg"", ""Wheat"", ""Soybeans"", ""Vegetarian Option"", ""Contains Gluten""]}","{""Mushroom Ragu"": [""Wheat"", ""Vegan Option"", ""Contains Gluten""], ""Garlic Bread"": [""Milk"", ""Wheat"", ""Vegetarian Option"", ""Contains Gluten""]}","{""Raspberry Sammie"": [""Milk"", ""Wheat"", ""Vegetarian Option"", ""Contains Gluten""], ""Peach Pie"": [""Wheat"", ""Soybeans"", ""Vegan Option"", ""Contains Gluten""], ""German Chocolate Cake"": [""Milk"", ""Egg"", ""Tree Nuts"", ""Wheat"", ""Soybeans"", ""Vegetarian Option"", ""Contains Gluten""], ""Red Velvet Cupcakes"": [""Milk"", ""Egg"", ""Tree Nuts"", ""Wheat"", ""Soybeans"", ""Vegetarian Option"", ""Contains Gluten""]}","{""Hungarian Mushroom Soup"": [""Milk"", ""Contains Alcohol""], ""Tomato Garden Soup"": [""Vegan Option""]}","{""Black Bean & Corn Salad"": [""Vegan Option""], ""Salad Bar"": [""Milk"", ""Egg"", ""Fish"", ""Shellfish"", ""Wheat"", ""Soybeans"", ""Sesame""], ""Deli Bar"": []}",,,,"{""White Rice"": [""Vegan Option""], ""Brown Rice"": [""Vegan Option""]}",,,,
Foothill,1,True,Cal Dining is adjusting our service as a precaution against the spread of COVID-19. Menus are subject to change and all meals are currently to-go only. Thank you!,"{""Shrimp Lomo Saltado"": [""Shellfish""], ""Vegetable Lomo Saltado"": [""Wheat"", ""Soybeans"", ""Vegan Option"", ""Contains Gluten""], ""Long Grain Rice"": [""Vegan Option""], ""Green Bean Radish and Corn"": [""Vegan Option""]}",,"{""Bacon Lettuce Tomato Sandwich"": [""Milk"", ""Egg"", ""Wheat"", ""Soybeans"", ""Contains Gluten"", ""Contains Pork""], ""Avocado Lettuce Tomato Sandwich"": [""Milk"", ""Egg"", ""Wheat"", ""Soybeans"", ""Vegetarian Option"", ""Contains Gluten""], ""Housemade Chips"": [""Vegan Option""]}","{""Pepperoni Pepperoncini Pizza"": [""Milk"", ""Egg"", ""Wheat"", ""Soybeans"", ""Contains Gluten""], ""Margherita Pizza"": [""Milk"", ""Egg"", ""Wheat"", ""Soybeans"", ""Vegetarian Option"", ""Contains Gluten""]}","{""Vegetable Lasagna"": [""Milk"", ""Egg"", ""Wheat"", ""Vegetarian Option"", ""Contains Gluten""], ""Garlic Bread"": [""Milk"", ""Wheat"", ""Vegetarian Option"", ""Contains Gluten""]}","{""Heath Toffee Crunch Blondie"": [""Milk"", ""Egg"", ""Tree Nuts"", ""Wheat"", ""Soybeans"", ""Vegetarian Option"", ""Contains Gluten""], ""Vegan Chocolate Chip Cookies"": [""Wheat"", ""Soybeans"", ""Vegan Option"", ""Contains Gluten"", ""Contains Alcohol""], ""Cherry Pie"": [""Wheat"", ""Soybeans"", ""Vegan Option"", ""Contains Gluten""], ""Mini Salted Truffle Cheesecake"": [""Milk"", ""Egg"", ""Wheat"", ""Soybeans"", ""Vegetarian Option"", ""Contains Gluten""]}","{""Italian Wedding Soup"": [""Milk"", ""Wheat"", ""Soybeans"", ""Contains Gluten""], ""Split Pea with Kale Soup"": [""Vegan Option""]}","{""Beet and Goat Cheese Salad"": [""Milk"", ""Vegetarian Option""], ""Salad Bar"": [""Milk"", ""Egg"", ""Fish"", ""Shellfish"", ""Wheat"", ""Soybeans"", ""Sesame""], ""Deli Bar"": []}",,,,"{""Burrito Bowl"": [""Milk"", ""Wheat"", ""Contains Gluten"", ""Contains Pork""], ""White Rice"": [""Vegan Option""], ""Brown Rice"": [""Vegan Option""]}",,,,
Foothill,2,True,Cal Dining is adjusting our service as a precaution against the spread of COVID-19. Menus are subject to change and all meals are currently to-go only. Thank you!,"{""Fried Chicken"": [""Wheat"", ""Contains Gluten""], ""Chickenless Tenders"": [""Wheat"", ""Soybeans"", ""Vegan Option"", ""Contains Gluten""], ""Macaroni and Cheese"": [""Milk"", ""Wheat"", ""Vegetarian Option"", ""Contains Gluten""], ""Sauteed Green Beans"": [""Vegan Option""], ""Biscuit"": [""Milk"", ""Wheat"", ""Vegetarian Option"", ""Contains Gluten""]}",,"{""Beef Sliders"": [""Wheat"", ""Soybeans"", ""Contains Gluten""], ""Sunflower Cutlet Sandwich"": [""Wheat"", ""Vegan Option"", ""Contains Gluten""], ""Potato Salad"": [""Egg"", ""Vegetarian Option"", ""Contains Alcohol""]}","{""Corn Chicken Pesto and Parmesan Cheese Pizza"": [""Milk"", ""Egg"", ""Wheat"", ""Contains Gluten""], ""Corn and Parmesan Cheese Pizza"": [""Milk"", ""Egg"", ""Wheat"", ""Vegetarian Option"", ""Contains Gluten""]}","{""Vegetable Lasagna"": [""Milk"", ""Egg"", ""Wheat"", ""Vegetarian Option"", ""Contains Gluten""], ""Garlic Bread"": [""Milk"", ""Wheat"", ""Vegetarian Option"", ""Contains Gluten""]}","{""Raspberry Sammie"": [""Milk"", ""Wheat"", ""Vegetarian Option"", ""Contains Gluten""], ""Vegan Chocolate Chip Cookies"": [""Wheat"", ""Soybeans"", ""Vegan Option"", ""Contains Gluten"", ""Contains Alcohol""], ""Chocolate Cake"": [""Milk"", ""Egg"", ""Wheat"", ""Soybeans"", ""Vegetarian Option"", ""Contains Gluten""], ""Chocolate Brownie Bites"": [""Milk"", ""Egg"", ""Tree Nuts"", ""Wheat"", ""Soybeans"", ""Vegetarian Option"", ""Contains Gluten""]}","{""Butternut Squash and Apple Soup"": [""Milk"", ""Contains Alcohol""], ""Three Bean Chili"": [""Vegan Option""]}","{""Potato Salad"": [""Egg"", ""Vegetarian Option"", ""Contains Alcohol""], ""Salad Bar"": [""Milk"", ""Egg"", ""Fish"", ""Shellfish"", ""Wheat"", ""Soybeans"", ""Sesame""], ""Deli Bar"": []}",,,,"{""Char Sui Pork"": [""Wheat"", ""Soybeans"", ""Sesame"", ""Contains Gluten"", ""Contains Pork""], ""Vegan Char Siu"": [""Wheat"", ""Soybeans"", ""Sesame"", ""Contains Gluten""], ""Singapore Noodles"": [""Wheat"", ""Sesame"", ""Vegan Option"", ""Contains Gluten"", ""Contains Alcohol""], ""Vegetable Stir Fry"": [""Vegan Option""], ""White Rice"": [""Vegan Option""], ""Brown Rice"": [""Vegan Option""]}",,,,
Foothill,3,True,Cal Dining is adjusting our service as a precaution against the spread of COVID-19. Menus are subject to change and all meals are currently to-go only. Thank you!,"{""Pork Pozole"": [""Contains Pork""]}",,"{""Spicy Chicken Sandwich"": [""Egg"", ""Wheat"", ""Soybeans"", ""Contains Gluten""], ""Sunflower Cutlet Sandwich"": [""Wheat"", ""Vegan Option"", ""Contains Gluten""], ""Coleslaw"": [""Egg"", ""Vegetarian Option""]}","{""Hawaiian Pizza"": [""Milk"", ""Egg"", ""Wheat"", ""Soybeans"", ""Contains Gluten"", ""Contains Pork""], ""Pineapple and Roasted Red Pepper Pizza"": [""Milk"", ""Egg"", ""Wheat"", ""Soybeans"", ""Vegetarian Option"", ""Contains Gluten""]}","{""Orecchiette Pasta with Pear and Asiago Cream"": [""Milk"", ""Wheat"", ""Contains Gluten""], ""Baguette"": [""Wheat"", ""Vegan Option"", ""Contains Gluten""]}","{""Chocolate Chunk Brownie"": [""Milk"", ""Egg"", ""Wheat"", ""Soybeans"", ""Vegetarian Option"", ""Contains Gluten""], ""Luscious Lemon Bar"": [""Milk"", ""Egg"", ""Wheat"", ""Soybeans"", ""Vegetarian Option"", ""Contains Gluten""], ""Vegan Lemon Sugar Cookie"": [""Wheat"", ""Soybeans"", ""Vegan Option"", ""Contains Gluten"", ""Contains Alcohol""], ""Vanilla and Chocolate Cupcakes"": [""Milk"", ""Egg"", ""Tree Nuts"", ""Wheat"", ""Soybeans"", ""Vegetarian Option"", ""Contains Gluten""]}","{""New England Clam Chowder"": [""Milk"", ""Fish"", ""Shellfish"", ""Wheat"", ""Contains Gluten""], ""Carrot Ginger Soup"": [""Soybeans"", ""Sesame"", ""Vegan Option""]}","{""Edamame & Corn Salad"": [""Soybeans"", ""Vegan Option""], ""Salad Bar"": [""Milk"", ""Egg"", ""Fish"", ""Shellfish"", ""Wheat"", ""Soybeans"", ""Sesame""], ""Deli Bar"": []}",,,,"{""Beef Iskender Kebap"": [""Milk"", ""Wheat"", ""Contains Gluten""], ""Legume Iskander Kebap"": [""Milk"", ""Wheat"", ""Vegetarian Option"", ""Contains Gluten""], ""Brown Rice Pilaf"": [""Soybeans""], ""Turkish Vegetable Medley"": [""Vegan Option""], ""White Rice"": [""Vegan Option""], ""Brown Rice"": [""Vegan Option""]}",,,,
Foothill,4,True,Cal Dining is adjusting our service as a precaution against the spread of COVID-19. Menus are subject to change and all meals are currently to-go only. Thank you!,"{""Grilled Tri Tip w/ Chimichurri Sauce"": [""Contains Alcohol""], ""Herb Roasted Chicken"": [], ""Vegan Celebration Roast"": [""Wheat"", ""Soybeans"", ""Vegan Option"", ""Contains Gluten"", ""Contains Alcohol""], ""Wild Rice Pilaf"": [""Vegan Option""], ""Vegetable Medley"": [""Vegan Option""]}",,,"{""Bacon Kale Pizza"": [""Milk"", ""Egg"", ""Wheat"", ""Soybeans"", ""Contains Gluten"", ""Contains Pork""], ""Roasted Pepper Deluxe Pizza"": [""Milk"", ""Egg"", ""Wheat"", ""Soybeans"", ""Vegetarian Option"", ""Contains Gluten""]}","{""Lentil Ragu"": [""Wheat"", ""Soybeans"", ""Vegan Option"", ""Contains Gluten""], ""Garlic Bread"": [""Milk"", ""Wheat"", ""Vegetarian Option"", ""Contains Gluten""]}",,"{""Chicken Noodle Soup"": [""Egg"", ""Wheat"", ""Contains Gluten""], ""Lentil Soup"": [""Vegan Option""]}","{""Cucumber Tomato & Corn Salad"": [""Vegan Option""], ""Salad Bar"": [""Milk"", ""Egg"", ""Fish"", ""Shellfish"", ""Wheat"", ""Soybeans"", ""Sesame""], ""Deli Bar"": []}","{""Rolled Oatmeal"": [""Vegan Option""], ""Cream of Wheat"": [""Wheat"", ""Vegan Option"", ""Contains Gluten""], ""White Rice"": [""Vegan Option""], ""Brown Rice"": [""Vegan Option""]}","{""Scrambled Eggs"": [""Egg"", ""Vegetarian Option""], ""Chorizo Scramble"": [""Contains Pork""], ""Tater Tots"": [""Vegan Option""], ""Bacon"": [""Contains Pork""], ""Egg Whites"": [""Egg"", ""Vegetarian Option""], ""Waffles"": [""Milk"", ""Egg"", ""Wheat"", ""Soybeans"", ""Vegetarian Option"", ""Contains Gluten""], ""Savory Tofu, Spinach, Tomato Scramble"": [""Soybeans"", ""Vegan Option""], ""Sun Dried Tomato Spinach and Feta Quiche"": [""Milk"", ""Egg"", ""Wheat"", ""Soybeans"", ""Contains Gluten""]}","{""Banana Muffin"": [""Milk"", ""Egg"", ""Wheat"", ""Soybeans"", ""Vegetarian Option"", ""Contains Gluten""], ""Toffee Caramel Scone"": [""Milk"", ""Egg"", ""Tree Nuts"", ""Wheat"", ""Soybeans"", ""Vegetarian Option"", ""Contains Gluten""], ""Assorted Danish"": [""Milk"", ""Egg"", ""Tree Nuts"", ""Wheat"", ""Vegetarian Option"", ""Contains Gluten""]}",,,,,
Foothill,5,True,Cal Dining is adjusting our service as a precaution against the spread of COVID-19. Menus are subject to change and all meals are currently to-go only. Thank you!,"{""Southern Glazed Ham"": [""Contains Pork""], ""Oven Roasted Turkey Breast"": [], ""Sunflower Cutlet with Mushroom Gravy"": [""Wheat"", ""Soybeans"", ""Vegan Option"", ""Contains Gluten""], ""Buttery Mashed Potatoes"": [""Milk"", ""Soybeans"", ""Vegetarian Option""], ""Sauteed Green Beans"": [""Vegan Option""]}",,,"{""Sweet Potato Goat Cheese and Sausage Pizza"": [""Milk"", ""Wheat"", ""Contains Gluten"", ""Contains Pork""], ""Sweet Potato Leek and Goat Cheese Pizza"": [""Milk"", ""Wheat"", ""Vegetarian Option"", ""Contains Gluten""]}","{""Brussels Sprouts and Blue Cheese Pasta"": [""Milk"", ""Wheat"", ""Vegetarian Option"", ""Contains Gluten""], ""Baguette"": [""Wheat"", ""Vegan Option"", ""Contains Gluten""]}",,"{""Lobster Bisque"": [""Milk"", ""Fish"", ""Shellfish"", ""Wheat"", ""Contains Gluten"", ""Contains Alcohol""], ""Three Bean Chili"": [""Vegan Option""]}","{""Herbed Pasta Salad"": [""Milk"", ""Wheat"", ""Vegetarian Option"", ""Contains Gluten""], ""Salad Bar"": [""Milk"", ""Egg"", ""Fish"", ""Shellfish"", ""Wheat"", ""Soybeans"", ""Sesame""], ""Deli Bar"": []}","{""Rolled Oatmeal"": [""Vegan Option""], ""Grits"": [""Vegan Option""], ""White Rice"": [""Vegan Option""], ""Brown Rice"": [""Vegan Option""]}","{""Scrambled Eggs"": [""Egg"", ""Vegetarian Option""], ""Mushroom and Kale Scramble"": [""Egg"", ""Vegetarian Option""], ""Hashbrowns"": [""Vegan Option""], ""Turkey Links"": [], ""Egg Whites"": [""Egg"", ""Vegetarian Option""], ""Waffles"": [""Milk"", ""Egg"", ""Wheat"", ""Soybeans"", ""Vegetarian Option"", ""Contains Gluten""], ""Just Egg Patty"": [""Vegan Option""], ""Ham & Cheese Quiche"": [""Milk"", ""Egg"", ""Wheat"", ""Soybeans"", ""Contains Gluten"", ""Contains Pork""]}","{""Blueberry Muffin"": [""Milk"", ""Egg"", ""Wheat"", ""Soybeans"", ""Vegetarian Option"", ""Contains Gluten""], ""Cranberry Orange Scone"": [""Milk"", ""Egg"", ""Tree Nuts"", ""Wheat"", ""Soybeans"", ""Vegetarian Option"", ""Contains Gluten""], ""Assorted Danish"": [""Milk"", ""Egg"", ""Tree Nuts"", ""Wheat"", ""Vegetarian Option"", ""Contains Gluten""]}",,,,,
Foothill,6,True,Cal Dining is adjusting our service as a precaution against the spread of COVID-19. Menus are subject to change and all meals are currently to-go only. Thank you!,"{""Chipotle Chicken Pasta"": [""Milk"", ""Wheat"", ""Contains Gluten""], ""Vegan Chipotle Pasta"": [""Milk"", ""Wheat"", ""Soybeans"", ""Vegan Option"", ""Contains Gluten""], ""Roasted Roma Tomato"": [""Vegan Option""], ""Broccoli"": [""Vegan Option""]}",,"{""Catfish PoBoy"": [""Egg"", ""Fish"", ""Wheat"", ""Contains Gluten""], ""Cauliflower PoBoy"": [""Egg"", ""Wheat"", ""Vegetarian Option"", ""Contains Gluten""], ""Housemade Chips"": [""Vegan Option""]}","{""Potato and Pancetta Pizza"": [""Milk"", ""Egg"", ""Wheat"", ""Contains Gluten"", ""Contains Pork""], ""Potato and Kale Pizza"": [""Milk"", ""Egg"", ""Wheat"", ""Vegetarian Option"", ""Contains Gluten""]}","{""Pasta Pesto"": [""Milk"", ""Wheat"", ""Vegetarian Option"", ""Contains Gluten""], ""Dinner Roll"": [""Wheat"", ""Soybeans"", ""Vegan Option"", ""Contains Gluten""]}","{""Flourless Chocolate Torte"": [""Milk"", ""Egg"", ""Soybeans"", ""Vegetarian Option""], ""Carrot Cake"": [""Milk"", ""Egg"", ""Tree Nuts"", ""Wheat"", ""Soybeans"", ""Vegetarian Option"", ""Contains Gluten""], ""Vegan Lemon Sugar Cookie"": [""Wheat"", ""Soybeans"", ""Vegan Option"", ""Contains Gluten"", ""Contains Alcohol""], ""Mini Vanilla Cheesecake"": [""Milk"", ""Egg"", ""Wheat"", ""Soybeans"", ""Vegetarian Option"", ""Contains Gluten""]}","{""Hungarian Mushroom Soup"": [""Milk"", ""Contains Alcohol""], ""Tomato Garden Soup"": [""Vegan Option""]}","{""Tomato Couscous Salad"": [""Wheat"", ""Vegan Option"", ""Contains Gluten""], ""Salad Bar"": [""Milk"", ""Egg"", ""Fish"", ""Shellfish"", ""Wheat"", ""Soybeans"", ""Sesame""], ""Deli Bar"": []}",,,,"{""Japanese Curry Bar"": [""Wheat"", ""Soybeans"", ""Contains Gluten""], ""White Rice"": [""Vegan Option""], ""Brown Rice"": [""Vegan Option""]}",,,,
Clark Kerr,0,False,No Brunch or Lunch Menu,,,,,,,,,,,,,,,,
Clark Kerr,1,False,No Brunch or Lunch Menu,,,,,,,,,,,,,,,,
Clark Kerr,2,False,No Brunch or Lunch Menu,,,,,,,,,,,,,,,,
Clark Kerr,3,False,No Brunch or Lunch Menu,,,,,,,,,,,,,,,,
Clark Kerr,4,True,Cal Dining is adjusting our service as a precaution against the spread of COVID-19. Menus are subject to change and all meals are currently to-go only. Thank you!,"{""Citrus Glazed Pork Loin"": [""Contains Pork""], ""Chipotle Crusted Turkey"": [""Wheat"", ""Contains Gluten""], ""Sweet and Sour Tofu"": [""Soybeans"", ""Vegan Option""], ""Jasmine Rice"": [""Vegan Option""], ""Vegetable Medley"": [""Vegan Option""]}",,,"{""Thai BBQ Chicken Pizza"": [""Milk"", ""Wheat"", ""Soybeans"", ""Sesame"", ""Contains Gluten""], ""Thai BBQ Shitake Pizza"": [""Milk"", ""Wheat"", ""Soybeans"", ""Sesame"", ""Vegetarian Option"", ""Contains Gluten""]}","{""Garlic and Green Olive Pasta"": [""Egg"", ""Wheat"", ""Soybeans"", ""Sesame"", ""Contains Gluten""], ""Garlic Bread"": [""Milk"", ""Wheat"", ""Vegetarian Option"", ""Contains Gluten""]}",,"{""Chicken Dumpling Soup"": [""Egg"", ""Wheat"", ""Contains Gluten""], ""Carrot Ginger Soup"": [""Soybeans"", ""Sesame"", ""Vegan Option""]}","{""Cucumber Tomato & Corn Salad"": [""Vegan Option""], ""Salad Bar"": [""Milk"", ""Egg"", ""Fish"", ""Shellfish"", ""Wheat"", ""Soybeans"", ""Sesame""], ""Deli Bar"": []}","{""Rolled Oatmeal"": [""Vegan Option""], ""Cream of Wheat"": [""Wheat"", ""Vegan Option"", ""Contains Gluten""], ""White Rice"": [""Vegan Option""], ""Brown Rice"": [""Vegan Option""]}","{""Scrambled Eggs"": [""Egg"", ""Vegetarian Option""], ""Denver Scramble"": [""Egg"", ""Contains Gluten"", ""Contains Pork""], ""Pan-fried Potatoes and Peppers"": [""Soybeans"", ""Vegan Option""], ""Bacon"": [""Contains Pork""], ""Egg Whites"": [""Egg"", ""Vegetarian Option""], ""Waffles"": [""Milk"", ""Egg"", ""Wheat"", ""Soybeans"", ""Vegetarian Option"", ""Contains Gluten""], ""Farinata Sweet Potato Hash"": [""Vegan Option""], ""Potato and Onion Frittata"": [""Milk"", ""Egg"", ""Soybeans"", ""Vegetarian Option""]}","{""Banana Muffin"": [""Milk"", ""Egg"", ""Wheat"", ""Soybeans"", ""Vegetarian Option"", ""Contains Gluten""], ""Toffee Caramel Scone"": [""Milk"", ""Egg"", ""Tree Nuts"", ""Wheat"", ""Soybeans"", ""Vegetarian Option"", ""Contains Gluten""], ""Assorted Danish"": [""Milk"", ""Egg"", ""Tree Nuts"", ""Wheat"", ""Vegetarian Option"", ""Contains Gluten""]}",,,,,
Clark Kerr,5,True,Cal Dining is adjusting our service as a precaution against the spread of COVID-19. Menus are subject to change and all meals are currently to-go only. Thank you!,"{""Beef Tri Tip with Bordelaise Sauce"": [""Soybeans"", ""Contains Alcohol""], ""Lemon Parmesean Tilapia"": [""Milk"", ""Egg"", ""Fish""], ""Sunflower Cutlet with Mushroom Gravy"": [""Wheat"", ""Soybeans"", ""Vegan Option"", ""Contains Gluten""], ""Roasted Red Potatoes"": [""Vegan Option""], ""Broccoli and Cauliflower"": [""Vegan Option""]}",,,"{""Bacon Dates and Bleu Cheese Pizza"": [""Milk"", ""Egg"", ""Wheat"", ""Contains Gluten"", ""Contains Pork""], ""Dates Brussels Sprouts and Bleu Cheese Pizza"": [""Milk"", ""Egg"", ""Wheat"", ""Vegetarian Option"", ""Contains Gluten""]}","{""Brussels Sprouts and Blue Cheese Pasta"": [""Milk"", ""Wheat"", ""Vegetarian Option"", ""Contains Gluten""], ""Baguette"": [""Wheat"", ""Vegan Option"", ""Contains Gluten""]}",,"{""Hungarian Mushroom Soup"": [""Milk"", ""Contains Alcohol""], ""Tomato Garden Soup"": [""Vegan Option""]}","{""Herbed Pasta Salad"": [""Milk"", ""Wheat"", ""Vegetarian Option"", ""Contains Gluten""], ""Salad Bar"": [""Milk"", ""Egg"", ""Fish"", ""Shellfish"", ""Wheat"", ""Soybeans"", ""Sesame""], ""Deli Bar"": []}","{""Rolled Oatmeal"": [""Vegan Option""], ""Grits"": [""Vegan Option""], ""White Rice"": [""Vegan Option""], ""Brown Rice"": [""Vegan Option""]}","{""Scrambled Eggs"": [""Egg"", ""Vegetarian Option""], ""Spinach and Bell Pepper Scramble"": [""Egg"", ""Vegetarian Option""], ""Tater Tots"": [""Vegan Option""], ""Pork Sausage Links"": [""Contains Pork""], ""Egg Whites"": [""Egg"", ""Vegetarian Option""], ""Waffles"": [""Milk"", ""Egg"", ""Wheat"", ""Soybeans"", ""Vegetarian Option"", ""Contains Gluten""], ""Savory Tofu, Spinach, Tomato Scramble"": [""Soybeans"", ""Vegan Option""], ""Leek and Bacon Quiche"": [""Milk"", ""Egg"", ""Contains Pork""]}","{""Blueberry Muffin"": [""Milk"", ""Egg"", ""Wheat"", ""Soybeans"", ""Vegetarian Option"", ""Contains Gluten""], ""Cranberry Orange Scone"": [""Milk"", ""Egg"", ""Tree Nuts"", ""Wheat"", ""Soybeans"", ""Vegetarian Option"", ""Contains Gluten""], ""Assorted Danish"": [""Milk"", ""Egg"", ""Tree Nuts"", ""Wheat"", ""Vegetarian Option"", ""Contains Gluten""]}",,,,,
Clark Kerr,6,False,No Brunch or Lunch Menu,,,,,,,,,,,,,,,,
Cafe 3,0,True,Cal Dining is adjusting our service as a precaution against the spread of COVID-19. Menus are subject to change and all meals are currently to-go only. Thank you!,,,"{""Halal Beef Patty"": [""Halal""], ""Black Bean Burger Patty"": [""Wheat"", ""Soybeans"", ""Vegan Option"", ""Contains Gluten""], ""White Hamburger Bun"": [""Wheat"", ""Soybeans"", ""Vegan Option"", ""Contains Gluten""], ""Whole Wheat Hamburger Bun"": [""Wheat"", ""Vegan Option"", ""Contains Gluten""], ""Burger Accoutrements"": [""Milk"", ""Vegetarian Option""]}","{""Buffalo Chicken Pizza"": [""Milk"", ""Egg"", ""Wheat"", ""Contains Gluten""], ""Cheese Pizza"": [""Milk"", ""Egg"", ""Wheat"", ""Vegetarian Option"", ""Contains Gluten""], ""Flatbread or Gluten Free Pizza Per Request"": []}",,"{""Peach Pie"": [""Wheat"", ""Soybeans"", ""Vegan Option"", ""Contains Gluten""], ""Carrot Cake"": [""Milk"", ""Egg"", ""Tree Nuts"", ""Wheat"", ""Soybeans"", ""Vegetarian Option"", ""Contains Gluten""], ""Raspberry Sammie"": [""Milk"", ""Wheat"", ""Vegetarian Option"", ""Contains Gluten""]}","{""Lentil Soup"": [""Vegan Option""]}",,,,,,"{""Halal Beef Shepherd Pie"": [""Milk"", ""Wheat"", ""Soybeans"", ""Contains Gluten"", ""Halal""], ""Vegan Shepherd Pie"": [""Vegan Option""], ""Wild Rice Pilaf"": [""Vegan Option""], ""Broccoli and Cauliflower"": [""Vegan Option""], ""Braised Chard"": [""Vegan Option""]}","{""Orzo Salad with Carrots"": [""Egg"", ""Wheat"", ""Vegetarian Option"", ""Contains Gluten""], ""Salad Bar"": [""Milk"", ""Egg"", ""Fish"", ""Shellfish"", ""Wheat"", ""Soybeans"", ""Sesame""]}","{""Kosher Tuna Salad"": [""Egg"", ""Fish"", ""Kosher""], ""Kosher Egg Salad"": [""Egg"", ""Vegetarian Option"", ""Kosher""], ""Housemade hummus"": [""Sesame"", ""Vegan Option""], ""Spring Mix"": [""Vegan Option""], ""Romaine Lettuce"": [""Vegan Option""], ""Marinated Tomatoes"": [""Vegan Option""], ""Marinated Cucumbers"": [""Vegan Option""], ""Pickles"": [], ""Green Olives"": [], ""Black Olives"": [], ""Grilled Vegetables"": [""Vegan Option""], ""Dolmas"": [""Vegan Option""], ""Dates"": [""Vegan Option""]}",
Cafe 3,1,True,Cal Dining is adjusting our service as a precaution against the spread of COVID-19. Menus are subject to change and all meals are currently to-go only. Thank you!,,,"{""Halal Beef Patty"": [""Halal""], ""Black Bean Burger Patty"": [""Wheat"", ""Soybeans"", ""Vegan Option"", ""Contains Gluten""], ""White Hamburger Bun"": [""Wheat"", ""Soybeans"", ""Vegan Option"", ""Contains Gluten""], ""Whole Wheat Hamburger Bun"": [""Wheat"", ""Vegan Option"", ""Contains Gluten""], ""Burger Accoutrements"": [""Milk"", ""Vegetarian Option""]}","{""Pepperoni Pizza"": [""Milk"", ""Egg"", ""Wheat"", ""Soybeans"", ""Contains Gluten""], ""Cheese Pizza"": [""Milk"", ""Egg"", ""Wheat"", ""Vegetarian Option"", ""Contains Gluten""], ""Flatbread or Gluten Free Pizza Per Request"": []}",,"{""Pecan Pie"": [""Egg"", ""Tree Nuts"", ""Wheat"", ""Vegetarian Option"", ""Contains Gluten""], ""German Chocolate Cake"": [""Milk"", ""Egg"", ""Tree Nuts"", ""Wheat"", ""Soybeans"", ""Vegetarian Option"", ""Contains Gluten""], ""Heath Toffee Crunch Blondie"": [""Milk"", ""Egg"", ""Tree Nuts"", ""Wheat"", ""Soybeans"", ""Vegetarian Option"", ""Contains Gluten""]}","{""Split Pea with Kale Soup"": [""Vegan Option""]}",,,,,,"{""Halal Chicken Coconut Curry"": [""Halal""], ""Rajma"": [], ""Fragrant Basmati Rice"": [""Vegan Option""], ""Roasted Beets"": [""Vegan Option""], ""Peas with Mint"": [""Vegan Option""]}","{""Tomato Couscous Salad"": [""Wheat"", ""Vegan Option"", ""Contains Gluten""], ""Salad Bar"": [""Milk"", ""Egg"", ""Fish"", ""Shellfish"", ""Wheat"", ""Soybeans"", ""Sesame""]}","{""Kosher Tuna Salad"": [""Egg"", ""Fish"", ""Kosher""], ""Kosher Egg Salad"": [""Egg"", ""Vegetarian Option"", ""Kosher""], ""Housemade hummus"": [""Sesame"", ""Vegan Option""], ""Spring Mix"": [""Vegan Option""], ""Romaine Lettuce"": [""Vegan Option""], ""Marinated Tomatoes"": [""Vegan Option""], ""Marinated Cucumbers"": [""Vegan Option""], ""Pickles"": [], ""Green Olives"": [], ""Black Olives"": [], ""Grilled Vegetables"": [""Vegan Option""], ""Dolmas"": [""Vegan Option""], ""Dates"": [""Vegan Option""]}",
Cafe 3,2,True,Cal Dining is adjusting our service as a precaution against the spread of COVID-19. Menus are subject to change and all meals are currently to-go only. Thank you!,,,"{""Halal Beef Patty"": [""Halal""], ""Black Bean Burger Patty"": [""Wheat"", ""Soybeans"", ""Vegan Option"", ""Contains Gluten""], ""White Hamburger Bun"": [""Wheat"", ""Soybeans"", ""Vegan Option"", ""Contains Gluten""], ""Whole Wheat Hamburger Bun"": [""Wheat"", ""Vegan Option"", ""Contains Gluten""], ""Burger Accoutrements"": [""Milk"", ""Vegetarian Option""]}","{""Meat Lovers Pizza"": [""Milk"", ""Egg"", ""Wheat"", ""Soybeans"", ""Contains Gluten"", ""Contains Pork""], ""Cheese Pizza"": [""Milk"", ""Egg"", ""Wheat"", ""Vegetarian Option"", ""Contains Gluten""], ""Flatbread or Gluten Free Pizza Per Request"": []}",,"{""Cherry Pie"": [""Wheat"", ""Soybeans"", ""Vegan Option"", ""Contains Gluten""], ""Flourless Chocolate Torte"": [""Milk"", ""Egg"", ""Soybeans"", ""Vegetarian Option""], ""Chocolate Chunk Brownie"": [""Milk"", ""Egg"", ""Wheat"", ""Soybeans"", ""Vegetarian Option"", ""Contains Gluten""]}","{""Tomato Garden Soup"": [""Vegan Option""]}",,,,,,"{""Halal Beef Cinncinnati"": [""Wheat"", ""Soybeans"", ""Contains Gluten"", ""Halal""], ""Pasta Primavera"": [""Wheat"", ""Vegan Option"", ""Contains Gluten""], ""Spaghetti"": [""Wheat"", ""Vegan Option"", ""Contains Gluten""], ""Grilled Peppers & Onions"": [""Vegan Option""]}","{""Garbanzo Bean and Cherry Tomato Salad"": [""Vegan Option"", ""Contains Alcohol""], ""Salad Bar"": [""Milk"", ""Egg"", ""Fish"", ""Shellfish"", ""Wheat"", ""Soybeans"", ""Sesame""]}","{""Kosher Tuna Salad"": [""Egg"", ""Fish"", ""Kosher""], ""Kosher Egg Salad"": [""Egg"", ""Vegetarian Option"", ""Kosher""], ""Housemade hummus"": [""Sesame"", ""Vegan Option""], ""Spring Mix"": [""Vegan Option""], ""Romaine Lettuce"": [""Vegan Option""], ""Marinated Tomatoes"": [""Vegan Option""], ""Marinated Cucumbers"": [""Vegan Option""], ""Pickles"": [], ""Green Olives"": [], ""Black Olives"": [], ""Grilled Vegetables"": [""Vegan Option""], ""Dolmas"": [""Vegan Option""], ""Dates"": [""Vegan Option""]}",
Cafe 3,3,True,Cal Dining is adjusting our service as a precaution against the spread of COVID-19. Menus are subject to change and all meals are currently to-go only. Thank you!,,,"{""Halal Beef Patty"": [""Halal""], ""Black Bean Burger Patty"": [""Wheat"", ""Soybeans"", ""Vegan Option"", ""Contains Gluten""], ""White Hamburger Bun"": [""Wheat"", ""Soybeans"", ""Vegan Option"", ""Contains Gluten""], ""Whole Wheat Hamburger Bun"": [""Wheat"", ""Vegan Option"", ""Contains Gluten""], ""Burger Accoutrements"": [""Milk"", ""Vegetarian Option""]}","{""Greek Chicken Pizza"": [""Milk"", ""Egg"", ""Wheat"", ""Soybeans"", ""Contains Gluten""], ""Cheese Pizza"": [""Milk"", ""Egg"", ""Wheat"", ""Vegetarian Option"", ""Contains Gluten""], ""Flatbread or Gluten Free Pizza Per Request"": []}",,"{""Pumpkin Pie"": [""Milk"", ""Egg"", ""Wheat"", ""Vegetarian Option"", ""Contains Gluten""], ""Carrot Cake"": [""Milk"", ""Egg"", ""Tree Nuts"", ""Wheat"", ""Soybeans"", ""Vegetarian Option"", ""Contains Gluten""], ""Heath Toffee Crunch Blondie"": [""Milk"", ""Egg"", ""Tree Nuts"", ""Wheat"", ""Soybeans"", ""Vegetarian Option"", ""Contains Gluten""]}","{""Tomato Garden Soup"": [""Vegan Option""]}",,,,,,"{""Breaded Cod With Tarter Sauce"": [""Egg"", ""Fish"", ""Wheat""], ""Cajun Tofu"": [""Soybeans"", ""Vegan Option""], ""Dirty Rice"": [""Vegan Option""], ""Fried Okra"": [""Wheat"", ""Vegan Option"", ""Contains Gluten""], ""Collard Greens"": [""Vegan Option""]}","{""Garden Pasta Salad"": [""Milk"", ""Wheat"", ""Soybeans"", ""Vegetarian Option"", ""Contains Gluten""], ""Salad Bar"": [""Milk"", ""Egg"", ""Fish"", ""Shellfish"", ""Wheat"", ""Soybeans"", ""Sesame""]}","{""Kosher Tuna Salad"": [""Egg"", ""Fish"", ""Kosher""], ""Kosher Egg Salad"": [""Egg"", ""Vegetarian Option"", ""Kosher""], ""Housemade hummus"": [""Sesame"", ""Vegan Option""], ""Spring Mix"": [""Vegan Option""], ""Romaine Lettuce"": [""Vegan Option""], ""Marinated Tomatoes"": [""Vegan Option""], ""Marinated Cucumbers"": [""Vegan Option""], ""Pickles"": [], ""Green Olives"": [], ""Black Olives"": [], ""Grilled Vegetables"": [""Vegan Option""], ""Dolmas"": [""Vegan Option""], ""Dates"": [""Vegan Option""]}",
Cafe 3,4,True,Cal Dining is adjusting our service as a precaution against the spread of COVID-19. Menus are subject to change and all meals are currently to-go only. Thank you!,"{""Halal Herb Roasted Chicken"": [""Halal""], ""Chickenless Patty"": [""Milk"", ""Egg"", ""Wheat"", ""Soybeans"", ""Vegan Option""], ""Buttery Mashed Potatoes"": [""Milk"", ""Soybeans"", ""Vegetarian Option""], ""Sauteed Green Beans"": [""Vegan Option""], ""Roasted Beets"": [""Vegan Option""], ""Vegan Mushroom Gravy"": [""Wheat"", ""Soybeans"", ""Vegan Option"", ""Contains Gluten""]}",,,"{""Artichoke and Olive Pizza"": [""Milk"", ""Egg"", ""Wheat"", ""Vegetarian Option"", ""Contains Gluten""], ""Cheese Pizza"": [""Milk"", ""Egg"", ""Wheat"", ""Vegetarian Option"", ""Contains Gluten""], ""Flatbread or Gluten Free Pizza Per Request"": []}","{""Penne Alfredo"": [""Milk"", ""Wheat"", ""Vegetarian Option"", ""Contains Gluten""], ""Garlic Bread"": [""Milk"", ""Wheat"", ""Vegetarian Option"", ""Contains Gluten""]}",,"{""Carrot Ginger Soup"": [""Soybeans"", ""Sesame"", ""Vegan Option""]}",,"{""Rolled Oatmeal"": [""Vegan Option""], ""White Rice"": [""Vegan Option""], ""Brown Rice"": [""Vegan Option""]}","{""Scrambled Eggs"": [""Egg"", ""Vegetarian Option""], ""Soyrizo w/ Peppers & Onions"": [""Soybeans"", ""Vegan Option""], ""Fried Plantains with Granola and Berries"": [""Wheat"", ""Soybeans"", ""Vegan Option"", ""Contains Gluten""], ""Potato Wedges"": [""Wheat"", ""Vegan Option"", ""Contains Gluten""], ""Pancakes"": [""Milk"", ""Egg"", ""Wheat"", ""Soybeans"", ""Vegetarian Option"", ""Contains Gluten""]}",,,,"{""Greek Salad"": [""Milk"", ""Vegetarian Option""], ""Salad Bar"": [""Milk"", ""Egg"", ""Fish"", ""Shellfish"", ""Wheat"", ""Soybeans"", ""Sesame""]}","{""Kosher Tuna Salad"": [""Egg"", ""Fish"", ""Kosher""], ""Kosher Egg Salad"": [""Egg"", ""Vegetarian Option"", ""Kosher""], ""Housemade hummus"": [""Sesame"", ""Vegan Option""], ""Spring Mix"": [""Vegan Option""], ""Romaine Lettuce"": [""Vegan Option""], ""Marinated Tomatoes"": [""Vegan Option""], ""Marinated Cucumbers"": [""Vegan Option""], ""Pickles"": [], ""Green Olives"": [], ""Black Olives"": [], ""Grilled Vegetables"": [""Vegan Option""], ""Dolmas"": [""Vegan Option""], ""Dates"": [""Vegan Option""]}","{""Assorted Danish"": [""Milk"", ""Egg"", ""Tree Nuts"", ""Wheat"", ""Vegetarian Option"", ""Contains Gluten""]}"
Cafe 3,5,True,Cal Dining is adjusting our service as a precaution against the spread of COVID-19. Menus are subject to change and all meals are currently to-go only. Thank you!,"{""Halal Herb Roasted Chicken"": [""Halal""], ""Quinoa Stew"": [""Vegan Option""], ""Roasted Red Potatoes"": [""Vegan Option""], ""Braised Chard"": [""Vegan Option""], ""Sauteed Zucchini"": [""Vegan Option""]}",,,"{""Roasted Pepper Deluxe Pizza"": [""Milk"", ""Egg"", ""Wheat"", ""Soybeans"", ""Vegetarian Option"", ""Contains Gluten""], ""Cheese Pizza"": [""Milk"", ""Egg"", ""Wheat"", ""Vegetarian Option"", ""Contains Gluten""], ""Flatbread or Gluten Free Pizza Per Request"": []}","{""Penne Marinara"": [""Wheat"", ""Vegan Option"", ""Contains Gluten""], ""Garlic Bread"": [""Milk"", ""Wheat"", ""Vegetarian Option"", ""Contains Gluten""]}",,"{""Hungarian Mushroom Soup"": [""Milk"", ""Contains Alcohol""]}",,"{""Rolled Oatmeal"": [""Vegan Option""], ""White Rice"": [""Vegan Option""], ""Brown Rice"": [""Vegan Option""]}","{""Scrambled Eggs"": [""Egg"", ""Vegetarian Option""], ""Turkey Sausage Patty"": [], ""Breakfast Veggie Patty"": [""Milk"", ""Egg"", ""Wheat"", ""Soybeans"", ""Vegetarian Option"", ""Contains Gluten""], ""Tater Tots"": [""Vegan Option""], ""Spiced French Toast"": [""Milk"", ""Egg"", ""Wheat"", ""Vegetarian Option"", ""Contains Gluten""]}",,,,"{""Mushroom and Tomato Salad"": [""Vegan Option""], ""Salad Bar"": [""Milk"", ""Egg"", ""Fish"", ""Shellfish"", ""Wheat"", ""Soybeans"", ""Sesame""]}","{""Kosher Tuna Salad"": [""Egg"", ""Fish"", ""Kosher""], ""Kosher Egg Salad"": [""Egg"", ""Vegetarian Option"", ""Kosher""], ""Housemade hummus"": [""Sesame"", ""Vegan Option""], ""Spring Mix"": [""Vegan Option""], ""Romaine Lettuce"": [""Vegan Option""], ""Marinated Tomatoes"": [""Vegan Option""], ""Marinated Cucumbers"": [""Vegan Option""], ""Pickles"": [], ""Green Olives"": [], ""Black Olives"": [], ""Grilled Vegetables"": [""Vegan Option""], ""Dolmas"": [""Vegan Option""], ""Dates"": [""Vegan Option""]}","{""Assorted Danish"": [""Milk"", ""Egg"", ""Tree Nuts"", ""Wheat"", ""Vegetarian Option"", ""Contains Gluten""]}"
Cafe 3,6,True,Cal Dining is adjusting our service as a precaution against the spread of COVID-19. Menus are subject to change and all meals are currently to-go only. Thank you!,,,"{""Halal Beef Patty"": [""Halal""], ""Halal Chicken Breast"": [""Halal""], ""Black Bean Burger Patty"": [""Wheat"", ""Soybeans"", ""Vegan Option"", ""Contains Gluten""], ""Boca Burger Patty"": [""Wheat"", ""Soybeans"", ""Sesame"", ""Vegan Option"", ""Contains Gluten""], ""White Hamburger Bun"": [""Wheat"", ""Soybeans"", ""Vegan Option"", ""Contains Gluten""], ""Whole Wheat Hamburger Bun"": [""Wheat"", ""Vegan Option"", ""Contains Gluten""], ""Burger Accoutrements"": [""Milk"", ""Vegetarian Option""]}","{""Margherita Pizza"": [""Milk"", ""Egg"", ""Wheat"", ""Soybeans"", ""Vegetarian Option"", ""Contains Gluten""], ""Cheese Pizza"": [""Milk"", ""Egg"", ""Wheat"", ""Vegetarian Option"", ""Contains Gluten""], ""Penne Pasta with Pesto Cream"": [""Milk"", ""Wheat"", ""Vegetarian Option"", ""Contains Gluten""], ""Garlic Bread"": [""Milk"", ""Wheat"", ""Vegetarian Option"", ""Contains Gluten""], ""Flatbread or Gluten Free Pizza Per Request"": []}",,"{""Apple Pie"": [""Milk"", ""Wheat"", ""Vegetarian Option"", ""Contains Gluten""], ""Chocolate Cake"": [""Milk"", ""Egg"", ""Wheat"", ""Soybeans"", ""Vegetarian Option"", ""Contains Gluten""], ""Luscious Lemon Bar"": [""Milk"", ""Egg"", ""Wheat"", ""Soybeans"", ""Vegetarian Option"", ""Contains Gluten""], ""Mini Vanilla Cheesecake"": [""Milk"", ""Egg"", ""Wheat"", ""Soybeans"", ""Vegetarian Option"", ""Contains Gluten""]}","{""Three Bean Chili"": [""Vegan Option""], ""Chipotle Sweet Potato Soup"": [""Sesame"", ""Vegan Option""]}",,,,,,"{""Halal Chicken Cacciatore"": [""Halal""], ""Breakfast Veggie Patty"": [""Milk"", ""Egg"", ""Wheat"", ""Soybeans"", ""Vegetarian Option"", ""Contains Gluten""], ""Buttery Mashed Potatoes"": [""Milk"", ""Soybeans"", ""Vegetarian Option""], ""Roasted Carrots"": [""Vegan Option""], ""Brussels Sprouts and Red Cabbage"": [""Vegan Option""]}","{""Cucumber Tomato & Corn Salad"": [""Vegan Option""], ""Salad Bar"": [""Milk"", ""Egg"", ""Fish"", ""Shellfish"", ""Wheat"", ""Soybeans"", ""Sesame""]}","{""Kosher Tuna Salad"": [""Egg"", ""Fish"", ""Kosher""], ""Kosher Egg Salad"": [""Egg"", ""Vegetarian Option"", ""Kosher""], ""Housemade hummus"": [""Sesame"", ""Vegan Option""], ""Spring Mix"": [""Vegan Option""], ""Romaine Lettuce"": [""Vegan Option""], ""Marinated Tomatoes"": [""Vegan Option""], ""Marinated Cucumbers"": [""Vegan Option""], ""Pickles"": [], ""Green Olives"": [], ""Black Olives"": [], ""Grilled Vegetables"": [""Vegan Option""], ""Dolmas"": [""Vegan Option""], ""Dates"": [""Vegan Option""]}",
